name,slug
AEG Power Solutions,studenten-azubis-aegps
Actemium Deutschland,actemium
ASB Köln,asb-koeln
APT Alu Products,apt-alu-products
Assmann Gruppe,assmann
Augustin GmbH,augustin-gmbh
AuxilPartner,auxil-partner
AVP Autoland GmbH,offenestellen-avp-autoland
BearingPoint (Junior),junior-consultant-bearingpoint
BearingPoint (Senior),senior-consultant-bearingpoint
Crown Gabelstapler Engineering,engineering-crown
Creditreform,creditreform
DAS Environmental Expert GmbH,das-ee
DaSi AG,dasi
DDG Dienstleistungszentrum Gesundheitswesen,ddg-online
Digital Charging Solutions GmbH,digitalchargingsolutions
Einhell Germany AG,einhell
Elmos Semiconductor SE,elmos
EM-Technik GmbH,em-technik
Emeis Deutschland,emeis
fair parken GmbH,offene-stellen-fairparken
finova Feinschneidtechnik GmbH,finova
Fokus Academics,fokusacademics
Frittenwerk GmbH,frittenwerk
Fuchsgruppe,fuchsgruppe
Funkwerk AG,funkwerk1
Geislinger GmbH,geislingersbg
Gruma Fachinformatiker,fachinformatiker-systemintegration-gruma
Hamburger Pensionsverwaltung eG,it-s-hhpv
HanseVision GmbH (Bechtle),hansevision
infinit.cx group,infinit
infinit.cx group (alt),jobs-infinit
IntReal KVG,intrealkarriere
Karriere Köstner,ausbildung-karrierekoestner
L'Occitane GmbH,deloccitane
L&T Lengermann & Trieschmann,l-tjobs
Läderach AG,laderach
Lieken Brot- und Backwaren,lieken
Maintrans Gruppe,maintrans-gruppe
Merz Pharma GmbH,merz-pharma
Novatec Software Engineering,novatec-software
OM Digital Solutions GmbH,om-digitalsolutions
Omnicom Media Group,media-karriere
Prosystems IT GmbH,prosystemsit
Quest One,questone
Schoeller Werk GmbH,schoellerwerk
SHE Informationstechnologie AG,shejobs
Shimadzu Deutschland GmbH,shimadzu-de
SIG Sales,sigsales1
softgarden e-recruiting GmbH,softgarden
SpiNNcloud Systems GmbH,spinncloud
Stadtwerke Ettlingen,sw-ettlingen
Tegtmeier Inkubator,tegtmeier-inkubator
Thüga Konzern,thuegakonzern
Teleperformance Deutschland,mwmanleitung-teleperformance
VINCI Energies,vinci
Wavestone Deutschland,wavestone
WEMAG AG,wemag
EBARA Precision Machinery Europe,ebara-pm
Enpal,enpal
home24,home24
